Category,Total Sales,Internal Market Share %
Technology,827455.8729999965,36.59
Furniture,728658.5756999997,32.22
Office Supplies,705422.3340000033,31.19
