Region,Total Sales,Internal Market Share %
West,710219.6845000003,31.4
East,669518.7259999984,29.6
Central,492646.9132000005,21.78
South,389151.4590000004,17.21
