Segment,Total Sales,Internal Market Share %
Consumer,1148060.5309999897,50.76
Corporate,688494.0748000002,30.44
Home Office,424982.1769000004,18.79
